model,latest_round_score,avr4,avr6,rounds_count,next_weight_suggested
Torch,99.16666666666667,99.16666666666667,99.16666666666667,2,99.16666666666667
GARCH,98.16666666666667,97.95833333333334,97.95833333333334,2,97.95833333333334
ETS,97.5,97.125,97.125,2,97.125
RW,97.41666666666667,97.08333333333334,97.08333333333334,2,97.08333333333334
DYNAMIX,97.25,96.96875,96.96875,2,96.96875
VAR,97.2,96.6,96.6,2,96.6
PCE,95.79166666666667,94.83333333333334,94.83333333333334,2,94.83333333333334
ARIMAX,94.0,92.59375,92.59375,2,92.59375
LSTM,71.66666666666667,79.58333333333334,79.58333333333334,2,79.58333333333334
