round_id,model,weight_raw,weight_norm,avr4,avr6,rounds_count,rank,weights_status,source_round_state,generated_at
26-1-11,Torch,99.16666666666667,0.11640475596574375,99.16666666666667,99.16666666666667,2,1.0,final,FINAL_TPLUS3,2026-02-28 14:34:11
26-1-11,DYNAMIX,96.96875,0.11382477660557862,96.96875,96.96875,2,5.0,final,FINAL_TPLUS3,2026-02-28 14:34:11
26-1-11,ARIMAX,92.59375,0.10868927266591345,92.59375,92.59375,2,8.0,final,FINAL_TPLUS3,2026-02-28 14:34:11
26-1-11,PCE,94.83333333333334,0.11131816158740873,94.83333333333334,94.83333333333334,2,7.0,final,FINAL_TPLUS3,2026-02-28 14:34:11
26-1-11,LSTM,79.58333333333334,0.09341726214057587,79.58333333333334,79.58333333333334,2,9.0,final,FINAL_TPLUS3,2026-02-28 14:34:11
26-1-11,GARCH,97.95833333333334,0.11498637868716956,97.95833333333334,97.95833333333334,2,2.0,final,FINAL_TPLUS3,2026-02-28 14:34:11
26-1-11,VAR,96.6,0.11339192698780684,96.6,96.6,2,6.0,final,FINAL_TPLUS3,2026-02-28 14:34:11
26-1-11,RW,97.08333333333334,0.11395927789923653,97.08333333333334,97.08333333333334,2,4.0,final,FINAL_TPLUS3,2026-02-28 14:34:11
26-1-11,ETS,97.125,0.11400818746056667,97.125,97.125,2,3.0,final,FINAL_TPLUS3,2026-02-28 14:34:11
